mean_fit_time,std_fit_time,mean_score_time,std_score_time,param_imputation,param_model,param_model__C,param_model__dual,param_model__loss,param_model__max_iter,param_model__penalty,param_oversampling,param_oversampling__k_neighbors,param_oversampling__random_state,param_oversampling__sampling_strategy,param_scaler,param_oversampling__shrinkage,split0_test_score,split1_test_score,split2_test_score,split3_test_score,mean_test_score,std_test_score,rank_test_score
1.3686838150024414,0.2820327672441003,4.51402735710144,0.20082457695482145,,LinearSVC(),1.2708997928295686e-05,False,squared_hinge,2548,l2,SMOTE(),11,61176,0.3906828940409829,,,0.36077705827937095,0.34527972027972026,0.3664192949907235,0.38495188101487315,0.36435698864117194,0.014187677478131568,180
25.528747141361237,6.355602194745377,2.151718318462372,0.8641400109974395,,LinearSVC(),21.462927935553797,False,squared_hinge,1968,l2,SMOTE(),4,61176,0.7514657430940798,StandardScaler(),,0.4739776951672863,0.41403785488958983,0.45931758530183725,0.4345917471466198,0.4454812206263333,0.022971503706857715,112
5.041361570358276,2.154401545318992,4.10601270198822,1.4346796950415321,,LinearSVC(),1793.472057288784,False,squared_hinge,1664,l2,SMOTE(),24,61176,0.5198971795150598,,,0.47818012999071485,0.41387959866220736,0.4545454545454546,0.44022242817423546,0.44670690284315306,0.023300682561847003,103
111.74766969680786,5.806358471397674,3.1308637261390686,1.5621789113847038,,LinearSVC(),1483.6387717630826,False,squared_hinge,483,l1,SMOTE(),18,61176,0.674416537852627,StandardScaler(),,0.4782608695652174,0.41739894551845336,0.4481327800829875,0.44321329639889195,0.44675147289138756,0.021615039002840276,102
3.486664295196533,0.34668998327874206,5.243283331394196,0.6636822915242855,,LinearSVC(),0.21867644990131083,False,squared_hinge,185,l1,SMOTE(),1,61176,0.6716142889232595,,,0.4781533388293487,0.4197838736492103,0.45837231057062683,0.43720930232558136,0.4483797063436918,0.02195917179702889,86
4.687592267990112,0.9323730316758502,5.053299725055695,0.2477738029121091,,LinearSVC(),1.1366698527723732e-05,False,squared_hinge,117,l2,SMOTE(),1,61176,0.43952171013218877,StandardScaler(),,0.4526889040163376,0.41376306620209063,0.45708955223880593,0.423572744014733,0.4367785666179918,0.018505282914894918,139
40.47457218170166,2.0586408286054385,2.5076102018356323,0.7921593574028548,,LinearSVC(),2.202713002048241,False,squared_hinge,230,l1,SMOTE(),9,61176,0.4119977352098363,StandardScaler(),,0.4746543778801843,0.4180602006688963,0.4557405784399649,0.4473684210526316,0.4489558945104193,0.020393062260596267,79
2.8160901069641113,1.072049358248609,3.4732242822647095,0.6214145345079423,,LinearSVC(),238.17094891190263,False,squared_hinge,1927,l2,SMOTE(),5,61176,0.2529739322911478,,,0.472027972027972,0.425065731814198,0.46174142480211083,0.4391052195526098,0.44948508704922263,0.018455663342315555,73
2.2707977890968323,1.0072058116529117,3.5136964321136475,0.6647529349065767,,LinearSVC(),20.21543716848276,False,squared_hinge,1928,l2,SMOTE(),3,61176,0.16124994097497744,,,0.4819277108433736,0.40646853146853146,0.45748613678373384,0.44510385756676557,0.44774655916560113,0.02726751705096679,91
37.61852830648422,6.191948461894057,3.519087076187134,1.4226925571119131,,LinearSVC(),0.01817845626250481,False,squared_hinge,2995,l2,SMOTE(),1,61176,0.6883608041299063,StandardScaler(),,0.46849087893864005,0.40731504571903576,0.44901777362020573,0.4380242311276794,0.44071198235139025,0.02215419061527813,133
2.9249585270881653,0.10890145955093086,6.8070197105407715,0.5048290628816076,,LinearSVC(),446.80109783834683,False,squared_hinge,50,l1,SMOTE(),1,61176,1.0,,,0.47432550043516103,0.4094665664913599,0.45013239187996473,0.43680297397769513,0.44268185819604516,0.02342353212590107,126
1.2891643643379211,0.3497265843705427,5.249837219715118,0.25480604385520694,,LinearSVC(),19.002541832783024,False,squared_hinge,50,l1,SMOTE(),25,61176,0.1,,,0.47933884297520657,0.4,0.4692691029900332,0.44435215946843853,0.4482400263584196,0.03062504739162884,88
4.542379677295685,0.609341972556692,4.145609617233276,0.6520266475625532,,LinearSVC(),0.0009586593356089116,False,squared_hinge,50,l2,SMOTE(),3,61176,0.1,StandardScaler(),,0.4817275747508305,0.4104183109707971,0.47095070422535207,0.450261780104712,0.4533395925129229,0.027238475222220046,46
313.7671573162079,107.93344506010327,2.2882161736488342,1.3639096995405822,,LinearSVC(),100000.0,False,squared_hinge,5000,l1,SMOTE(),1,61176,0.28611108816286396,StandardScaler(),,0.4855643044619422,0.406015037593985,0.4511627906976745,0.43264503441494595,0.44384679179213693,0.02894216516342562,123
8.21333110332489,2.8057392674606594,1.9144761562347412,0.5352748575681181,,LinearSVC(),100000.0,False,squared_hinge,50,l2,SMOTE(),4,61176,0.11832128362214692,StandardScaler(),,0.4859894921190893,0.406301824212272,0.44493392070484583,0.4468718967229394,0.4460242834397867,0.028182436955634695,109
14.262187600135803,4.294731018937812,1.6290281414985657,0.3833320982805052,,LinearSVC(),100000.0,False,squared_hinge,5000,l1,SMOTE(),1,61176,0.1,,,0.47867711053089645,0.4137931034482758,0.45374449339207057,0.4398148148148148,0.4465073805465144,0.023464237105331284,107
27.20276015996933,3.852543660964749,2.3082761764526367,0.7890316726751644,,LinearSVC(),0.04624041477627444,False,squared_hinge,50,l2,SMOTE(),17,61176,0.9845822813996382,StandardScaler(),,0.47224523612261815,0.41873963515754564,0.44949026876737713,0.4398148148148148,0.44507248871558897,0.01922847688708355,120
6.431955575942993,1.0484684851663923,2.061486840248108,0.3460502703844611,,LinearSVC(),5.5026868694199855,False,squared_hinge,50,l1,SMOTE(),25,61176,0.1,StandardScaler(),,0.47973531844499595,0.400990099009901,0.45059288537549413,0.4394079555966698,0.4426815646067652,0.028215529807959525,127
2.4209707379341125,0.5706439863264409,1.9393348693847656,0.17247940536124542,,LinearSVC(),0.867560689455052,False,squared_hinge,50,l2,SMOTE(),5,61176,1.0,,,0.4736408566721582,0.41666666666666663,0.4533450704225353,0.4470046082949308,0.44766430051407274,0.02042266580633461,94
0.47296470403671265,0.0516415220706134,0.09172725677490234,0.02886581770682843,,LinearSVC(),1e-05,False,squared_hinge,50,l1,SMOTE(),11,61176,0.7925214644880684,,,0.11817152561562412,0.11754708964735874,0.11754708964735874,0.11818825194621374,0.11786348921413883,0.0003164548263583683,198
9.176087737083435,0.42447861510442747,2.5587549805641174,0.2301116496737062,,LinearSVC(),3.7882746561629945,False,squared_hinge,1662,l1,SMOTE(),1,61176,0.15071594286572831,,,0.4833040421792619,0.4118136439267887,0.46052631578947373,0.4482758620689655,0.45097996599112244,0.025871275857396674,62
1.6359223127365112,0.694969900299583,2.0862351655960083,0.35508342931245024,,LinearSVC(),100000.0,False,squared_hinge,5000,l2,SMOTE(),1,61176,0.1,,,0.4790940766550522,0.4183070866141733,0.45774647887323944,0.44022242817423546,0.44884251757917515,0.022367140177138322,80
0.5275145173072815,0.08183805936631348,2.2141345143318176,0.10168588104126314,,LinearSVC(),100000.0,False,squared_hinge,50,l1,SMOTE(),25,61176,0.1,,,0.4755309325946444,0.4014939309056956,0.4613564668769716,0.4371316306483301,0.44387824025641043,0.028059435838945188,122
1.6788222193717957,0.6405298832998506,2.052777886390686,0.32957411336761283,,LinearSVC(),996.1964616723907,False,squared_hinge,50,l2,SMOTE(),1,61176,0.1,,,0.47867711053089645,0.4183070866141733,0.4573438874230431,0.440630797773655,0.448739720585442,0.02214824396714223,82
10.777823567390442,0.908491969118092,1.9904264211654663,0.4903342669849686,,LinearSVC(),0.013737717400541789,False,squared_hinge,50,l2,SMOTE(),1,61176,0.1,StandardScaler(),,0.4811898512685915,0.41913214990138065,0.4569420035149385,0.44990723562152135,0.451792810076608,0.02214144495067947,56
0.987018346786499,0.09649399018241514,2.52436900138855,0.13576178906218447,,LinearSVC(),1.2432337977431276,False,squared_hinge,50,l1,SMOTE(),25,61176,1.0,,,0.4772329246935202,0.4146919431279621,0.4565602836879433,0.44444444444444436,0.4482323989884675,0.022636778335792848,89
96.170041680336,19.369987042135524,1.7341777682304382,0.6381397175246983,,LinearSVC(),0.18501800569513246,False,squared_hinge,5000,l1,SMOTE(),25,61176,0.1,StandardScaler(),,0.48387096774193544,0.4069223573433115,0.4485049833887043,0.44059405940594065,0.4449730919699729,0.027352117506649294,121
0.9224108457565308,0.09835136575385842,4.20121556520462,0.15192025473957377,,LinearSVC(),9.387948671749717,False,squared_hinge,50,l1,SMOTE(),1,61176,0.1,,,0.4795117698343505,0.4178403755868545,0.4537037037037038,0.4425942156003506,0.44841251618131484,0.022156650499064807,85
11.069480180740356,2.2211102426001488,2.639647424221039,0.9186559416969822,,LinearSVC(),837.3557198661147,False,squared_hinge,50,l2,SMOTE(),1,61176,0.1,StandardScaler(),,0.4790940766550522,0.4137931034482758,0.45374449339207057,0.4394079555966698,0.4465099072730171,0.023637334350297072,104
12.924217462539673,2.5886644865926742,1.6179001927375793,0.44143159485161454,,LinearSVC(),8202.6022308093,False,squared_hinge,5000,l1,SMOTE(),25,61176,0.1,,,0.4834710743801653,0.4018691588785046,0.44815465729349735,0.43478260869565216,0.44206937481195485,0.02924160440000791,129
17.24228858947754,4.20831576851464,2.075335681438446,0.84337279818049,,LinearSVC(),1.238203362941149,False,squared_hinge,50,l2,SMOTE(),1,61176,0.1,StandardScaler(),,0.4790940766550522,0.4137931034482758,0.45774647887323944,0.4390018484288355,0.4474088768513508,0.02403911526318773,96
230.0914398431778,94.92934762688218,1.6380425095558167,0.49427223165499995,,LinearSVC(),53.56219803822895,False,squared_hinge,4419,l1,SMOTE(),1,61176,0.9265108555063424,StandardScaler(),,0.46849087893864005,0.4076539101497505,0.4426840633737186,0.4246935201401051,0.4358805931505536,0.02253671549953042,140
5.098032534122467,1.7161364084214537,1.9553742408752441,0.590469458837262,,LinearSVC(),100000.0,False,squared_hinge,50,l2,SMOTE(),25,61176,1.0,,,0.46829268292682924,0.4100946372239747,0.44298245614035087,0.4398148148148148,0.4402961477764924,0.020636043432085138,135
8.897843182086945,1.7962236557493705,1.9583962559700012,0.5893209212425664,,LinearSVC(),16299.159280764297,False,squared_hinge,5000,l2,SMOTE(),1,61176,0.1,StandardScaler(),,0.4790940766550522,0.4137931034482758,0.45374449339207057,0.4394079555966698,0.4465099072730171,0.023637334350297072,104
0.5224423408508301,0.10481386789226235,2.32921826839447,0.3164434374546587,,LinearSVC(),0.034990148469605194,False,squared_hinge,50,l2,SMOTE(),1,61176,0.1,,,0.48132780082987553,0.43612334801762104,0.4744186046511628,0.4446640316205534,0.4591334462798032,0.019138012063354783,24
124.30662578344345,4.3670457541077345,1.74651700258255,0.48902771549987023,,LinearSVC(),100000.0,False,squared_hinge,712,l1,SMOTE(),25,61176,0.5616151963195812,StandardScaler(),,0.4772329246935202,0.41387959866220736,0.45891608391608396,0.441860465116279,0.4479722680970226,0.023321756869963222,90
0.33759957551956177,0.070461468445691,2.5898987650871277,0.25922010579664956,,LinearSVC(),5.936942430362627e-05,False,squared_hinge,50,l2,SMOTE(),1,61176,0.1,,,0.34354688950789236,0.3461875547765118,0.36798528058877644,0.37653239929947463,0.35856303104316384,0.014056261073490346,182
0.538748025894165,0.12809641516737405,2.4449148178100586,0.14757303881706468,,LinearSVC(),0.14351934524262844,False,squared_hinge,50,l2,SMOTE(),25,61176,0.1,,,0.4909240924092409,0.424044734389562,0.45708955223880593,0.44871794871794873,0.4551940819388894,0.023939760912096927,37
15.281871616840363,2.916564715641348,3.1094576120376587,1.2792151245815166,,LinearSVC(),13839.415515957184,False,squared_hinge,59,l1,SMOTE(),2,61176,0.9807197499303404,StandardScaler(),,0.45918367346938777,0.4097682119205298,0.45833333333333326,0.4330708661417324,0.4400890212162458,0.020408739833042235,136
0.681333601474762,0.1701710360848213,3.3146342635154724,0.1349342551160497,,LinearSVC(),0.008877189359949857,False,squared_hinge,58,l2,SMOTE(),20,61176,0.1158461368262932,,,0.4583333333333334,0.4401805869074492,0.4724041159962582,0.4394079555966698,0.4525814979584276,0.013723561940191134,54
1.7669580578804016,0.1422983692161542,2.956880033016205,0.16491834629699145,,LinearSVC(),0.034290615852928134,False,squared_hinge,50,l2,SMOTE(),25,61176,1.0,,,0.4925650557620817,0.43677204658901836,0.45654082528533807,0.4398148148148148,0.45642318561281325,0.02218250359222024,30
7.854778051376343,2.08921103436198,2.1532034873962402,0.5635614347934683,,LinearSVC(),100000.0,False,squared_hinge,5000,l2,SMOTE(),1,61176,0.1,StandardScaler(),,0.4790940766550522,0.4137931034482758,0.45374449339207057,0.4394079555966698,0.4465099072730171,0.023637334350297072,104
0.5887344479560852,0.27505437236314845,2.8320767283439636,0.18737404406237243,,LinearSVC(),0.035531918761726115,False,squared_hinge,50,l2,SMOTE(),25,61176,0.1,,,0.4801324503311259,0.4248366013071895,0.46529968454258674,0.4485488126649077,0.45470438721145245,0.020547642519120033,40
10.710248172283173,2.1014122899496335,3.2505900859832764,0.9649207198324086,,LinearSVC(),0.0030830090154369857,False,squared_hinge,50,l2,SMOTE(),25,61176,0.1,StandardScaler(),,0.48720066061106526,0.4084645669291338,0.4519071310116086,0.44628099173553715,0.4484633375718362,0.02791551627580139,84
17.777828633785248,0.5345546050089206,3.2966270446777344,0.3361544741814734,,LinearSVC(),0.013162339878408815,False,squared_hinge,107,l1,SMOTE(),9,61176,0.9851779316666801,StandardScaler(),,0.4773622047244095,0.42543859649122806,0.4533565823888404,0.44739429695181904,0.45088792013907425,0.01848550455570587,65
1.1372961401939392,0.10797088615028452,0.16637665033340454,0.07145125795780147,,LinearSVC(),1.914944526821801e-05,False,squared_hinge,50,l1,SMOTE(),1,61176,0.1,StandardScaler(),,0.11817152561562412,0.11754708964735874,0.11754708964735874,0.11818825194621374,0.11786348921413883,0.0003164548263583683,198
17.16256219148636,4.922005113553793,3.4569250345230103,1.373120640738666,,LinearSVC(),97.22442581850137,False,squared_hinge,50,l2,SMOTE(),4,61176,0.544178651596675,StandardScaler(),,0.4772329246935202,0.4232594936708861,0.45096322241681264,0.4458041958041958,0.44931495914635367,0.01919207070960194,75
13.736987888813019,4.255169791998582,2.233880579471588,0.7893509664729915,,LinearSVC(),100000.0,False,squared_hinge,5000,l1,SMOTE(),4,61176,0.4462505124537327,,,0.4797047970479705,0.4246461282264779,0.455675227837614,0.4391052195526098,0.449782843166168,0.02046893747372504,69
14.431878089904785,3.2270939564267453,2.0285289883613586,0.7073842837451337,,LinearSVC(),100000.0,False,squared_hinge,5000,l1,SMOTE(),25,61176,0.5652460729855211,,,0.4803493449781659,0.41873963515754564,0.45375218150087265,0.441860465116279,0.4486754066882158,0.02220138427586998,83
18.256747484207153,6.129950466972879,1.8832570910453796,0.6999200319060129,,LinearSVC(),100000.0,False,squared_hinge,5000,l1,SMOTE(),25,61176,1.0,,,0.46829268292682924,0.4104183109707971,0.4442250740375123,0.4398148148148148,0.4406877206874884,0.02056420396111792,134
20.10352063179016,1.3239196219206775,2.8755441308021545,0.6354898251210952,,LinearSVC(),0.1589568607751582,True,hinge,182,l2,SMOTE(),8,93646,0.8470162469826851,StandardScaler(),,0.47658175842235007,0.40865384615384615,0.4329608938547486,0.44619422572178485,0.4410976810381824,0.02451481308917183,132
0.6980137228965759,0.19317205039001975,2.4704161286354065,0.16816810202474167,,LinearSVC(),0.38660907372061587,True,hinge,100,l2,SMOTE(),4,93646,0.4017944965979514,,,0.47493403693931396,0.44308357348703176,0.4613564668769716,0.4462875197472354,0.4564153992626382,0.01272463764276855,31
15.334293723106384,1.4718901485534033,1.8763725757598877,0.5345090165981518,,LinearSVC(),88.98319369704072,True,hinge,903,l2,SMOTE(),17,93646,0.8465690953490553,,,0.446584938704028,0.4100946372239747,0.43200601051840715,0.44568245125348194,0.4335920094249729,0.01474480321793884,142
0.5599561333656311,0.19904809866344794,2.849870979785919,0.13698290009718636,,LinearSVC(),0.002673768700784463,True,hinge,3037,l2,SMOTE(),2,93646,0.40652933297811633,,,0.42026708562450904,0.40499621498864496,0.43396226415094347,0.3964285714285714,0.4139135340481672,0.014383686013894212,156
7.444595396518707,0.5468252830968643,2.1544052362442017,0.22044634276749867,,LinearSVC(),0.2165697232056364,True,hinge,135,l2,SMOTE(),9,93646,0.15132762080248896,StandardScaler(),,0.4469763365468887,0.4051383399209486,0.4430970149253732,0.43599257884972176,0.4328010675607331,0.016449597470348187,144
188.50945979356766,4.352397846133423,2.6562440395355225,0.9938383570951161,,LinearSVC(),82.1594598538151,True,squared_hinge,1968,l2,SMOTE(),11,93646,0.4288786105751152,StandardScaler(),,0.4430970149253731,0.37481259370314846,0.35460992907801414,0.3830313014827018,0.38888770979730936,0.032962180695909366,173
16.885903537273407,0.6927006176142604,2.937242329120636,0.37055481651949757,,LinearSVC(),0.5190256599957431,True,squared_hinge,113,l2,SMOTE(),3,93646,0.6272447291023585,StandardScaler(),,0.43307086614173224,0.38139534883720927,0.42358803986710963,0.4195804195804196,0.4144086686066177,0.019679715215862592,155
0.41867387294769287,0.0742019190425864,2.9460546374320984,0.24303077602088793,,LinearSVC(),2.445442209148418e-05,True,hinge,1074,l2,SMOTE(),5,93646,0.10063649770133952,,,0.19710906701708275,0.20164046479835954,0.23854069223573432,0.25289778714436245,0.22254700279888479,0.02377572354416672,195
2.1565735936164856,0.5506571160067815,3.3377222418785095,0.29344453918180013,,LinearSVC(),0.0001553640080744691,True,hinge,396,l2,SMOTE(),3,93646,0.46283286091817066,StandardScaler(),,0.4646381578947368,0.4170141784820684,0.4666666666666667,0.4513584574934268,0.44991936513422465,0.01988678747546342,68
9.666890501976013,2.153052292098781,2.148467719554901,0.5997457589244466,,LinearSVC(),0.0012553982677363873,True,squared_hinge,1429,l2,SMOTE(),4,93646,0.5024740516762554,StandardScaler(),,0.49694856146469046,0.4197838736492103,0.4620749782040104,0.44362292051756,0.45560758345886776,0.02818631754775141,35
122.17150914669037,9.420624154284527,1.9206040501594543,0.594307081851416,,LinearSVC(),0.02054429868557108,True,squared_hinge,2858,l2,SMOTE(),1,93646,1.0,StandardScaler(),,0.46933085501858735,0.40731504571903576,0.44949026876737713,0.4315605928509155,0.43942419058897897,0.022850425930734327,137
2.5406132340431213,0.21015201325711655,2.2822960019111633,0.13264540336802222,,LinearSVC(),0.004765944784587534,True,hinge,87,l2,SMOTE(),25,93646,1.0,StandardScaler(),,0.468476357267951,0.4245283018867924,0.44776119402985076,0.44659300184162065,0.4468397137565537,0.015547133455435293,101
5.328324317932129,0.43685517994021994,2.1919278502464294,0.3403131676198891,,LinearSVC(),100000.0,True,squared_hinge,813,l2,SMOTE(),2,93646,0.2589157278505505,,,0.4009433962264151,0.3899721448467966,0.3715415019762846,0.36585365853658536,0.3820776753965204,0.01407540180372844,177
143.90524542331696,4.045601872515558,1.7226267457008362,0.35074905596926115,,LinearSVC(),100000.0,True,hinge,1481,l2,SMOTE(),2,93646,0.9215535461799677,StandardScaler(),,0.40723981900452483,0.3025793650793651,0.37246049661399555,0.3660565723793677,0.36208406326931325,0.03776010652885202,181
1.0563148260116577,0.07903272339378642,2.0448015928268433,0.14664496700113555,,LinearSVC(),0.05869835139254762,True,squared_hinge,3332,l2,SMOTE(),3,93646,0.8548928501016426,,,0.4810360777058279,0.4365079365079365,0.45375218150087265,0.43357933579335783,0.45121888287699874,0.01886165603656985,60
19.80774277448654,2.4079343861805085,1.8010411858558655,0.3188360154616636,,LinearSVC(),3.1927292665900757,True,squared_hinge,5000,l2,SMOTE(),25,93646,1.0,,,0.4788213627992634,0.4194352159468439,0.44734389561975774,0.44949026876737724,0.44877268578331053,0.02101289183742406,81
3.6204233169555664,0.7502328350059864,1.7601101994514465,0.23800618407375893,,LinearSVC(),0.0003113442915559041,True,squared_hinge,453,l2,SMOTE(),6,93646,0.571358454415589,StandardScaler(),,0.48476454293628807,0.4157303370786517,0.47368421052631576,0.4454148471615721,0.4548984844257069,0.026781374584040996,39
2.0408068895339966,0.2431901343252078,2.0089892745018005,0.04524688752458954,,LinearSVC(),1e-05,True,squared_hinge,50,l2,SMOTE(),25,93646,0.8899785220194341,StandardScaler(),,0.44502617801047123,0.4107883817427386,0.4470198675496689,0.40861159929701235,0.42786150664997274,0.018191476455145836,147
31.894158482551575,2.2079299383504543,1.855686902999878,0.30633553654433143,,LinearSVC(),1653.1200808266647,True,squared_hinge,3277,l2,SMOTE(),1,93646,0.6460269440428044,,,0.30809859154929575,0.3696098562628337,0.35768072289156627,0.3732809430255402,0.352167528432309,0.026088683308466126,184
0.5459285378456116,0.10449856069966956,1.9430586695671082,0.20646916707667717,,LinearSVC(),16.23946964661455,True,hinge,50,l2,SMOTE(),1,93646,0.1,,,0.29547553093259465,0.40088105726872253,0.30078465562336526,0.33507397737162753,0.3330538052990775,0.04200607673335076,189
0.602729082107544,0.1280273248141141,2.0999037623405457,0.08446567738558855,,LinearSVC(),0.12705402178751457,True,hinge,68,l2,SMOTE(),19,93646,1.0,,,0.4810725552050473,0.44658493870402804,0.4513343799058085,0.4589160839160839,0.45947698943274196,0.013221101863351114,22
0.5346700549125671,0.11083100898188317,2.0862305760383606,0.16949671244518677,,LinearSVC(),0.17619391785787378,True,hinge,263,l2,SMOTE(),12,93646,0.6204226378593499,,,0.49517966695880805,0.43823038397328884,0.4628857381150959,0.4492512479201331,0.4613867592418315,0.021375780104169476,18
0.7261084318161011,0.28028997629507,2.0812119245529175,0.228669592682339,,LinearSVC(),0.3183658759666654,True,hinge,243,l2,SMOTE(),25,93646,1.0,,,0.4699738903394256,0.4481792717086835,0.451158940397351,0.45200372786579684,0.4553289575778143,0.00857377191705039,36
76.05539309978485,1.2081617374032743,1.7379035353660583,0.3670608642324315,,LinearSVC(),15577.976086154322,True,squared_hinge,5000,l2,SMOTE(),25,93646,1.0,,,0.35433070866141725,0.38630377524143983,0.3215859030837004,0.264336917562724,0.33163932613732033,0.04509375331392564,190
2.433114171028137,0.3178788640122644,2.2888209223747253,0.24934205782000154,,LinearSVC(),1e-05,True,squared_hinge,5000,l2,SMOTE(),25,93646,0.9286241604903297,StandardScaler(),,0.44619422572178485,0.4054054054054055,0.44628099173553715,0.41191936897458375,0.42744999795932775,0.018928265230474237,148
2.4237971901893616,0.20450425258521673,1.982882559299469,0.244691044496543,,LinearSVC(),1.3686292614107998,True,squared_hinge,5000,l2,SMOTE(),1,93646,0.1,,,0.4792490118577076,0.41913214990138065,0.45284780578898226,0.4537037037037037,0.45123316781294354,0.021354586579235287,59
4.253868579864502,0.25617421503005583,1.9833060503005981,0.14787483436291252,,LinearSVC(),2202.7932738329396,True,squared_hinge,58,l2,SMOTE(),1,93646,0.30238442355852846,StandardScaler(),,0.356020942408377,0.35364936042136946,0.3728070175438597,0.29874213836477986,0.34530486468459654,0.02787884872583313,186
4.073049247264862,0.35660665092088545,1.9857609868049622,0.21578802837796585,,LinearSVC(),1.301679352322988,True,squared_hinge,364,l2,SMOTE(),25,93646,0.7947555630509563,,,0.47784535186794097,0.4197838736492103,0.44949026876737713,0.44907407407407407,0.44904839208965064,0.020529690977861705,77
0.4772522449493408,0.10189469305612604,2.1402212977409363,0.2070228403928019,,LinearSVC(),0.08476267029179264,True,squared_hinge,172,l2,SMOTE(),1,93646,0.1,,,0.4855643044619422,0.4329608938547486,0.46175373134328357,0.4574861367837338,0.45944126661092705,0.018660072840501595,23
32.03955340385437,0.793526978532876,1.7592172622680664,0.06807612728288812,,LinearSVC(),6.9105248877887835,True,hinge,654,l2,SMOTE(),21,93646,0.1,StandardScaler(),,0.3953871499176277,0.32003012048192775,0.32932235592146936,0.36960132890365455,0.3535852388061698,0.03048995066497956,183
15.963553547859192,0.4520702939002772,2.0694984197616577,0.24632238542489746,,LinearSVC(),0.009510191704942404,True,squared_hinge,457,l2,SMOTE(),1,93646,0.1,StandardScaler(),,0.48323471400394485,0.4088669950738917,0.4541198501872659,0.4574861367837338,0.450926924012209,0.02676774629188974,64
2.0611976385116577,0.29126083843156525,2.2023062705993652,0.07243229150740606,,LinearSVC(),247.92474185521323,True,squared_hinge,98,l2,SMOTE(),10,93646,0.9545637245574097,,,0.3794992175273865,0.4067930489731438,0.3946146703806871,0.3412969283276451,0.3805509663022156,0.024639502572642493,178
1.2978904247283936,0.2373693839146706,2.1840543150901794,0.13199313781314062,,LinearSVC(),4.033776197627264e-05,True,squared_hinge,50,l2,SMOTE(),4,93646,0.1,StandardScaler(),,0.463960231980116,0.4239401496259352,0.47012302284710006,0.46643417611159543,0.4561143951411867,0.018704803926123337,33
21.693695604801178,1.2582368466812528,2.523167073726654,0.5205916675910681,,LinearSVC(),712.3639709554498,True,hinge,1410,l2,SMOTE(),3,93646,0.8270000899646999,,,0.46602787456446,0.3767123287671233,0.3627906976744186,0.3599605522682446,0.3913728633185616,0.04356597139939102,172
4.434635043144226,0.842250081354067,2.245000183582306,0.34775874857194083,,LinearSVC(),0.00023931163882415417,True,squared_hinge,50,l2,SMOTE(),1,93646,0.30295153932350005,StandardScaler(),,0.48132780082987553,0.41552197802197804,0.4710820895522388,0.4553415061295973,0.45581834363342244,0.025038664108874238,34
106.40476459264755,2.0788691663154104,2.85459166765213,0.6495012693533835,,LinearSVC(),68.10834866654939,True,squared_hinge,5000,l2,SMOTE(),25,93646,1.0,,,0.48327137546468396,0.4130262112787927,0.4499072356215214,0.4351851851851853,0.44534750188754585,0.025529149350272427,115
6.800507009029388,2.444509255666189,2.3716771602630615,0.7046135238430618,,LinearSVC(),0.00033866732501420935,True,squared_hinge,5000,l2,SMOTE(),25,93646,0.3806576287979134,StandardScaler(),,0.4925893635571055,0.424155283968368,0.47303271441202477,0.45202952029520294,0.4604517205581753,0.025394262493055385,20
0.8008721470832825,0.3623323243594799,3.42433899641037,0.33160275299553926,,LinearSVC(),0.06144700208124176,True,squared_hinge,201,l2,SMOTE(),1,93646,0.1,,,0.4763986013986014,0.4321561338289963,0.4651162790697675,0.45790934320074006,0.4578950893745264,0.016255918718931884,27
1.311804711818695,0.1866834486380808,6.7721728682518005,0.18250091619787862,,LinearSVC(),0.05142437640168819,True,hinge,1288,l2,SMOTE(),1,93646,0.5406146407286826,,,0.4717853839037928,0.4376657824933687,0.47717842323651455,0.44104803493449785,0.45691940614204346,0.01770612546591867,28
1.7164354920387268,0.18517601143581502,4.292637526988983,0.6330852843644129,,LinearSVC(),0.04750571477572551,True,squared_hinge,196,l2,SMOTE(),1,93646,0.5711394881959743,,,0.47867711053089645,0.4285714285714286,0.460122699386503,0.4448563484708063,0.4530568967399086,0.018527736404375394,53
1.0069241523742676,0.22992480348026728,3.678821861743927,0.18433535408623947,,LinearSVC(),1e-05,True,hinge,50,l2,SMOTE(),1,93646,0.1,StandardScaler(),,0.42052744119743407,0.4004106776180698,0.42597187758478094,0.4,0.4117274991000712,0.011682743501958984,159
9.225355982780457,1.3131263071691692,3.5849815607070923,0.8002378126300016,,LinearSVC(),0.037804550547740914,True,squared_hinge,50,l2,SMOTE(),1,93646,1.0,StandardScaler(),,0.4649122807017544,0.421792618629174,0.4490740740740741,0.4317548746518106,0.44188346201420325,0.016494405580522283,131
5.650647521018982,1.3181674100782828,4.013972699642181,0.45248300363641236,,LinearSVC(),7.455210089869329e-05,True,squared_hinge,5000,l2,SMOTE(),2,93646,1.0,StandardScaler(),,0.4646840148698884,0.41008276899924756,0.4732690622261174,0.45056867891513563,0.44965113125259726,0.024239902219513606,72
0.7375729084014893,0.1167293316166333,6.846209824085236,0.5705283284656402,,LinearSVC(),0.016270151049124486,True,hinge,50,l2,SMOTE(),25,93646,0.1,,,0.46247818499127397,0.42056074766355145,0.47012302284710006,0.44571932921447477,0.44972032117910005,0.019008695304472283,71
5.552819669246674,0.4350364853620901,5.185211420059204,0.4061470269864132,,LinearSVC(),0.0013398704976723258,True,hinge,5000,l2,SMOTE(),25,93646,1.0,StandardScaler(),,0.46382189239332094,0.42417417417417425,0.4575432811211872,0.4503249767873723,0.44896608111901365,0.015089306941458427,78
0.6039047241210938,0.10684983206595415,3.476360321044922,0.22379073377516415,,LinearSVC(),0.1748299804443204,True,hinge,5000,l2,SMOTE(),25,93646,0.1,,,0.47681539807524065,0.4215358931552587,0.45680238331678247,0.44871794871794873,0.45096790581630763,0.01983330317927242,63
0.6024186611175537,0.17512146529121814,3.2547470331192017,0.5096885200856375,,LinearSVC(),0.056316426357142416,True,hinge,283,l2,SMOTE(),16,93646,0.1,,,0.4680259499536608,0.42880932556203166,0.46174142480211083,0.4477611940298507,0.4515844735869135,0.015056648342451105,57
5.9511436223983765,2.0078183206160034,2.9115703105926514,0.8751556361030152,,LinearSVC(),0.0001073625863558922,True,squared_hinge,50,l2,SMOTE(),25,93646,0.9352522241920684,StandardScaler(),,0.4787759131293189,0.4248623131392605,0.4837291116974494,0.44568245125348194,0.45826244730487764,0.02420319471861494,25
1.3783475160598755,0.41343470379006214,4.825567662715912,0.6211257568503741,,LinearSVC(),0.19663279115939267,True,squared_hinge,50,l2,SMOTE(),1,93646,0.1,,,0.4776511831726556,0.4216867469879518,0.46089385474860334,0.4545454545454546,0.4536943098636663,0.020316088168034107,44
3.9162694811820984,0.6348685282965788,7.495221853256226,0.6266615928304443,,LinearSVC(),0.05927488520096273,True,squared_hinge,242,l2,SMOTE(),1,93646,0.9611485581743839,,,0.4772937905468026,0.43200601051840715,0.45454545454545453,0.43599257884972176,0.44995945861509656,0.017927612011690942,67
2.1490175127983093,0.26202897861108554,0.16399163007736206,0.014764035959260133,,LinearSVC(),2.0115911317736866e-05,False,squared_hinge,1000,l1,RandomOverSampler(),,6067,0.9893961800837575,,0.01,0.11817152561562412,0.11754708964735874,0.11754708964735874,0.11818825194621374,0.11786348921413883,0.0003164548263583683,198
4.967889904975891,0.7068190929062245,5.009522438049316,0.3583173165634905,,LinearSVC(),9.618908928875655,False,squared_hinge,923,l1,RandomOverSampler(),,6067,0.5079156282142134,,2.0,0.4214876033057851,0.3865213082259663,0.4329608938547486,0.4079933388842631,0.4122407860676908,0.017279748578675685,158
7.202872335910797,0.27404327835275366,3.467667818069458,0.38320770987434394,,LinearSVC(),3018.494111904135,False,squared_hinge,689,l1,RandomOverSampler(),,6067,0.11181909526597483,,0.0001,0.4746543778801843,0.4059405940594059,0.4604651162790697,0.4567779960707269,0.44945952107234677,0.02599692779965196,74
0.5497852563858032,0.18400567090656583,3.8266193866729736,0.3857306764366387,,LinearSVC(),0.00017957781140836193,False,squared_hinge,111,l2,RandomOverSampler(),,6067,0.1613670857638884,,0.0,0.39857651245551606,0.38634658664666166,0.41241890639481,0.3834586466165414,0.39520016302838223,0.01144698520320411,170
2.2033883333206177,0.3826774477386385,3.5040090084075928,0.2365096669671751,,LinearSVC(),0.003830853870692489,False,squared_hinge,4119,l1,RandomOverSampler(),,6067,0.786078697381685,,2.0,0.4260089686098655,0.3876582278481013,0.4232111692844677,0.38111019055509526,0.40449713907438245,0.020269879310186034,164
15.529795527458191,0.3445124684578605,3.596423625946045,0.24094365007153173,,LinearSVC(),4474.025421704835,False,squared_hinge,613,l1,RandomOverSampler(),,6067,0.4454018248983026,,0.01,0.4632867132867133,0.4159733777038269,0.46019900497512445,0.4434850863422292,0.44573604557697344,0.018762238326049865,111
6.488711476325989,0.7215499868013207,3.92464679479599,0.18442630224044684,,LinearSVC(),0.006206581160516775,False,squared_hinge,1280,l1,RandomOverSampler(),,6067,0.17192425244351167,StandardScaler(),0.0,0.4784899034240562,0.4204829308909242,0.49388111888111885,0.4482758620689655,0.46028245381626615,0.02823358720492108,21
23.224722027778625,7.368851965522623,5.560758054256439,1.5206855062273377,,LinearSVC(),0.06677076207334166,False,squared_hinge,4281,l2,RandomOverSampler(),,6067,0.10008390873048585,StandardScaler(),4.0,0.4368932038834951,0.3893951946975974,0.40315106580166815,0.37453183520599254,0.4009928248971883,0.02306612351938585,165
19.17614597082138,6.26679212103093,3.8535444736480713,1.3656010276209891,,LinearSVC(),85463.57967252443,False,squared_hinge,106,l2,RandomOverSampler(),,6067,0.4601364260947911,,0.1,0.4612546125461254,0.4180602006688963,0.46096345514950154,0.44278996865203757,0.4457670592541402,0.017658764369969847,110
0.7302362322807312,0.11970100430325768,2.797910988330841,0.2523022405883015,,LinearSVC(),0.0057977216724983075,False,squared_hinge,324,l1,RandomOverSampler(),,6067,0.12755511005923317,,4.0,0.4055896387184731,0.38047379755922467,0.42079207920792083,0.3957169459962756,0.4006431153704736,0.014675808006967708,166
68.94187504053116,51.41419806684945,2.123301923274994,0.49477704421285296,,LinearSVC(),973.4671925652913,False,squared_hinge,68,l2,RandomOverSampler(),,6067,0.1746290989261416,StandardScaler(),0.001,0.4688796680497925,0.40892193308550184,0.4645048203330412,0.44783010156971376,0.4475341307595123,0.023635913747669948,95
16.669218361377716,2.997735157285192,3.9964303970336914,1.4397307545460802,,LinearSVC(),0.004209692741896865,False,squared_hinge,50,l2,RandomOverSampler(),,6067,0.6725057260189985,StandardScaler(),0.001,0.47265987025023176,0.41041482789055606,0.46357615894039733,0.450413223140496,0.44926602005542027,0.023784362033667357,76
9.303159952163696,1.9952400778433257,5.13211590051651,0.8261684223115369,,LinearSVC(),0.00186184424045358,False,squared_hinge,50,l2,RandomOverSampler(),,6067,0.1,StandardScaler(),0.0,0.47794117647058826,0.41228070175438597,0.4600371747211896,0.44871794871794873,0.4497442504160281,0.024008236624004822,70
2.6209736466407776,0.39894725318769214,4.536861062049866,0.42511777187959876,,LinearSVC(),0.0004222135078398868,False,squared_hinge,2733,l1,RandomOverSampler(),,6067,0.26938114851769074,StandardScaler(),0.0,0.4372197309417041,0.42364532019704426,0.4417513682564504,0.4067930489731437,0.4273523670920856,0.013611795087992836,149
10.585135817527771,2.244848650459248,3.3716989159584045,1.2744254808352202,,LinearSVC(),478.4792338601325,False,squared_hinge,642,l2,RandomOverSampler(),,6067,0.3306878474932393,,4.0,0.38562091503267976,0.3846153846153846,0.4130052724077328,0.38980509745127434,0.3932616673767679,0.011563921450378035,171
127.35722011327744,20.37745557596277,2.935538947582245,1.0044745179425667,,LinearSVC(),37924.190128789916,False,squared_hinge,126,l2,RandomOverSampler(),,6067,0.13898609766846798,StandardScaler(),0.001,0.4777365491651206,0.4143646408839779,0.46174142480211083,0.4478346456692914,0.4504193151301252,0.023350810981445303,66
15.1693657040596,3.253808582866884,5.186159372329712,1.6125680947607601,,LinearSVC(),252.317722054257,False,squared_hinge,50,l2,RandomOverSampler(),,6067,0.1,StandardScaler(),0.0,0.4865616311399444,0.41228070175438597,0.4672897196261683,0.4468718967229394,0.4532509873108595,0.027504281905900214,47
10.75648981332779,2.3249012743923196,5.658668041229248,1.1512514994601997,,LinearSVC(),100000.0,False,squared_hinge,84,l2,RandomOverSampler(),,6067,0.1,StandardScaler(),1.0,0.47681539807524065,0.417981072555205,0.47639860139860135,0.44444444444444436,0.4539098791183728,0.024550351438933703,43
8.704648971557617,0.7547817834308419,3.947687566280365,0.2930763446430365,,LinearSVC(),39.73281977153973,False,squared_hinge,1762,l1,RandomOverSampler(),,6067,0.22257058015633258,StandardScaler(),1.0,0.46765734265734266,0.4080824088748019,0.46696035242290745,0.44821583986074853,0.4477289859539501,0.0241819817114954,92
1.7297751307487488,0.41744092733748983,5.262636363506317,0.25416316641534625,,LinearSVC(),1e-05,False,squared_hinge,323,l2,RandomOverSampler(),,6067,0.10054476207665063,StandardScaler(),0.001,0.4354032833690222,0.41551246537396114,0.45364891518737677,0.43345008756567427,0.4345036878740086,0.013501162973899864,141
3.1300419569015503,0.3868537630035501,6.040341019630432,0.5710231778778111,,LinearSVC(),0.001057891773500655,False,squared_hinge,5000,l2,RandomOverSampler(),,6067,0.5678038611911456,,0.01,0.4307116104868914,0.4210526315789474,0.4583333333333333,0.4094488188976378,0.42988659857420247,0.01806681470329979,146
26.942945420742035,3.013624794764065,4.73847371339798,1.4246598917163729,,LinearSVC(),100000.0,False,squared_hinge,50,l1,RandomOverSampler(),,6067,0.4963910183621882,StandardScaler(),0.01,0.46532045654082527,0.41457286432160795,0.4643449419568823,0.4448105436573311,0.44726220161916164,0.020570148200589243,98
6.675474166870117,0.5196556572812768,5.063036620616913,0.3637675688770748,,LinearSVC(),100000.0,False,squared_hinge,50,l2,RandomOverSampler(),,6067,0.19987087633252512,StandardScaler(),2.0,0.4436152570480929,0.40732436472346784,0.42481203007518803,0.4158964879852126,0.42291203495799035,0.013457588463622999,152
27.831835985183716,4.726892739364492,2.145983636379242,0.7995409380852121,,LinearSVC(),0.043758847930870724,False,squared_hinge,1575,l1,RandomOverSampler(),,6067,0.18658411569210537,StandardScaler(),0.001,0.4750922509225091,0.4126426690079017,0.4647302904564315,0.45202952029520294,0.4511236826705113,0.023670873419641678,61
434.3067505955696,63.09310298136587,2.070558547973633,0.7029200894149622,,LinearSVC(),100000.0,False,squared_hinge,5000,l1,RandomOverSampler(),,6067,0.1,StandardScaler(),0.1,0.4861111111111111,0.41228070175438597,0.4672897196261683,0.45275590551181105,0.4546093595008691,0.02714913647673312,41
11.73949658870697,2.128853439613722,2.390309989452362,0.7846242859219407,,LinearSVC(),52020.88302428133,False,squared_hinge,50,l2,RandomOverSampler(),,6067,0.9521729313423793,StandardScaler(),0.1,0.4680259499536608,0.41373239436619724,0.4606299212598424,0.44220665499124345,0.4461487301427359,0.020944428999754353,108
2.5916789770126343,0.46984938068245763,3.9870179891586304,0.46895566016466733,,LinearSVC(),0.25680027942047184,False,squared_hinge,4584,l2,RandomOverSampler(),,6067,0.19512592848582205,,4.0,0.3941441441441441,0.36157024793388426,0.39795114263199377,0.3843283582089552,0.38449847322974434,0.01413988804564177,175
12.58530479669571,1.5818093564669582,2.6746415495872498,0.7456731722994142,,LinearSVC(),2248.4162802659494,False,squared_hinge,50,l1,RandomOverSampler(),,6067,0.37884307939988415,StandardScaler(),0.0001,0.46247818499127397,0.4128440366972478,0.45891608391608396,0.4462875197472354,0.44513145633796025,0.019587871898837005,119
13.979568481445312,3.1709558570009153,2.527623176574707,0.9457544926669028,,LinearSVC(),100000.0,False,squared_hinge,5000,l1,RandomOverSampler(),,6067,0.1,,0.0,0.4865616311399444,0.41191936897458375,0.4672897196261683,0.4468718967229394,0.45316065411590895,0.027638957234350676,52
1.5676072239875793,0.3323362049531077,3.0554389357566833,0.2485903553860087,,LinearSVC(),0.00021201548162327538,False,squared_hinge,5000,l2,RandomOverSampler(),,6067,0.7965093934827946,,0.1,0.41487839771101576,0.40255831452219715,0.4292168674698796,0.3785488958990536,0.4063006189005365,0.018593652878231046,163
5.015233039855957,0.6471077247446106,3.280080497264862,0.45902791758607026,,LinearSVC(),0.00025323324025702815,False,squared_hinge,5000,l2,RandomOverSampler(),,6067,1.0,StandardScaler(),4.0,0.3963893249607535,0.37098103874690846,0.3976801988400994,0.3670411985018726,0.3830229402624085,0.014088283525033352,176
10.597541511058807,1.8448345647670001,3.3687089681625366,1.2257440039780254,,LinearSVC(),100000.0,False,squared_hinge,5000,l2,RandomOverSampler(),,6067,0.1,StandardScaler(),0.0,0.4865616311399444,0.41228070175438597,0.4672897196261683,0.4468718967229394,0.4532509873108595,0.027504281905900214,47
11.169224441051483,1.5525323094834145,3.462647795677185,0.9841698054893525,,LinearSVC(),3610.10247726963,False,squared_hinge,50,l2,RandomOverSampler(),,6067,0.10006342525118102,StandardScaler(),0.0,0.4865616311399444,0.41228070175438597,0.4672897196261683,0.4468718967229394,0.4532509873108595,0.027504281905900214,47
20.275584936141968,9.045158582927174,3.5970091223716736,1.3190552649838692,,LinearSVC(),145.20243303371018,False,squared_hinge,5000,l1,RandomOverSampler(),,6067,0.1,,0.0,0.4865616311399444,0.4126426690079017,0.46772684752104776,0.44642857142857145,0.45333992977436627,0.02745313621406049,45
1.99013090133667,0.09194863566875987,4.587004840373993,0.24871677594343397,,LinearSVC(),407.5039771036803,False,squared_hinge,5000,l1,RandomOverSampler(),,6067,0.1,,4.0,0.4241948153967007,0.38814691151919867,0.41409691629955947,0.4005524861878454,0.40674778235082604,0.013627021154146239,161
47.65925508737564,4.025299744000806,5.8110790848731995,1.1122708330014024,,LinearSVC(),100000.0,False,squared_hinge,94,l1,RandomOverSampler(),,6067,0.34955308933722073,StandardScaler(),0.01,0.4662973222530009,0.41353383458646614,0.45971978984238177,0.44917257683215134,0.4471808808785,0.020363896641969737,99
26.07430875301361,6.1526829465301835,4.29685378074646,1.7335739770303358,,LinearSVC(),100000.0,False,squared_hinge,50,l2,RandomOverSampler(),,6067,1.0,StandardScaler(),0.0,0.4629629629629629,0.4126426690079017,0.46211490424646123,0.44362292051756,0.4453358641837215,0.020396261811958638,116
25.08069747686386,2.6458917953410617,7.560809552669525,1.0693765749751885,,LinearSVC(),100000.0,False,squared_hinge,50,l2,RandomOverSampler(),,6067,0.1543053601823121,StandardScaler(),0.1,0.4684601113172541,0.40740740740740744,0.46816479400749067,0.44510385756676557,0.4472840425747295,0.024896440040302666,97
412.5199656486511,86.62550627506609,3.267820179462433,2.3184648468680122,,LinearSVC(),16639.44289844063,False,squared_hinge,5000,l1,RandomOverSampler(),,6067,0.1,StandardScaler(),0.0,0.4865616311399444,0.41228070175438597,0.4672897196261683,0.4468718967229394,0.4532509873108595,0.027504281905900214,47
7.460249304771423,1.4377650766081624,2.2427433133125305,0.7208378920746666,,LinearSVC(),100000.0,False,squared_hinge,89,l2,RandomOverSampler(),,6067,0.40911583052698597,StandardScaler(),0.0,0.46247818499127397,0.4125,0.460122699386503,0.4466403162055336,0.44543530014582766,0.01995222844515144,113
126.37513709068298,49.471004144372245,1.8042997121810913,0.7274211659874023,,LinearSVC(),32.35170169774,False,squared_hinge,5000,l1,RandomOverSampler(),,6067,0.1,StandardScaler(),0.0,0.4865616311399444,0.41228070175438597,0.46772684752104776,0.44642857142857145,0.4532494379609874,0.027587402779987294,51
18.8780517578125,6.301704813973452,1.857691764831543,0.7831436343886199,,LinearSVC(),100000.0,False,squared_hinge,50,l2,RandomOverSampler(),,6067,0.2965792878953805,StandardScaler(),0.01,0.46684118673647473,0.4121565362198168,0.460122699386503,0.441988950276243,0.4452773431547594,0.02117300953696282,118
20.718868255615234,8.497736955703227,1.7407056093215942,0.6089415361829136,,LinearSVC(),100000.0,False,squared_hinge,50,l2,RandomOverSampler(),,6067,1.0,StandardScaler(),0.001,0.4629629629629629,0.4126426690079017,0.46249999999999997,0.44362292051756,0.44543213812210614,0.02047598765515127,114
8.06565248966217,1.6293395187588993,1.8696131706237793,0.5396593299857286,,LinearSVC(),100000.0,False,squared_hinge,50,l2,RandomOverSampler(),,6067,0.6233759064178194,StandardScaler(),0.0,0.4717853839037928,0.4130052724077328,0.4620462046204621,0.44628099173553715,0.44827946316688116,0.022306467121187078,87
174.9379511475563,52.67391444113184,1.657650887966156,0.417113878147872,,LinearSVC(),100000.0,False,squared_hinge,2867,l1,RandomOverSampler(),,6067,0.20145592883817595,StandardScaler(),0.0,0.4741000877963125,0.41241890639481,0.4632867132867132,0.4410399257195915,0.44771140829935685,0.02360625924165439,93
31.93019860982895,1.1405363809651219,1.6446306705474854,0.36682676295644284,,LinearSVC(),0.1676830770500514,False,squared_hinge,5000,l1,RandomOverSampler(),,6067,1.0,,0.0,0.4709141274238227,0.42618629173989464,0.4617304492512479,0.451158940397351,0.4524974522030791,0.01672192377876541,55
13.536401629447937,3.6002909603497666,2.400649845600128,0.697322328236686,,LinearSVC(),60.80268924694445,False,squared_hinge,50,l2,RandomOverSampler(),,6067,1.0,StandardScaler(),0.0,0.4629629629629629,0.4126426690079017,0.46211490424646123,0.44362292051756,0.4453358641837215,0.020396261811958638,116
36.48114436864853,2.530279139971726,2.138888895511627,0.617693908452865,,LinearSVC(),3.45406556752939,False,squared_hinge,5000,l1,RandomOverSampler(),,6067,0.1,,0.01,0.48746518105849584,0.41252485089463214,0.4665492957746479,0.45138888888888884,0.4544820541541662,0.02740200520689304,42
21.319749176502228,1.847960324191731,1.547281563282013,0.33036356951356843,,LinearSVC(),1.7620460493421393,False,squared_hinge,5000,l1,RandomOverSampler(),,6067,0.1,,0.0,0.487012987012987,0.4130052724077328,0.4659832246039142,0.4536489151873767,0.4549125998030027,0.026975982747323535,38
20.662764132022858,4.387453659542392,1.9124965071678162,0.48620327289662313,,LinearSVC(),0.01910744761429056,False,squared_hinge,5000,l2,RandomOverSampler(),,6067,0.1,StandardScaler(),0.0,0.4819277108433736,0.41252485089463214,0.4702048417132216,0.4603960396039603,0.4562633607637969,0.026377831772348145,32
16.77068340778351,0.3965722790388935,2.0367467403411865,0.1934247446049818,,"LinearSVC(C=0.04383749814818797, max_iter=65)",431.93280885190273,True,squared_hinge,202,l2,"RandomOverSampler(random_state=6538, sampling_strategy=0.1, shrinkage=0.0)",,6538,0.22234745805277656,StandardScaler(),0.01,0.3024645257654966,0.3484195402298851,0.31200631911532384,0.3715034965034965,0.3335984704035505,0.02780287134638142,188
45.326892137527466,1.2865193816603724,1.7592593431472778,0.37757721861168225,,"LinearSVC(C=0.04383749814818797, max_iter=65)",0.06333411832231099,True,squared_hinge,569,l2,"RandomOverSampler(random_state=6538, sampling_strategy=0.1, shrinkage=0.0)",,6538,0.6277879946989852,StandardScaler(),0.0001,0.4558823529411764,0.4149377593360996,0.46888694127957925,0.4486586493987049,0.44709142573889005,0.01992886946054731,100
1.7041669487953186,0.3438453545187186,1.883641004562378,0.08732395919481853,,"LinearSVC(C=0.04383749814818797, max_iter=65)",0.00043054224585740335,True,hinge,849,l2,"RandomOverSampler(random_state=6538, sampling_strategy=0.1, shrinkage=0.0)",,6538,0.4188799089506912,StandardScaler(),2.0,0.43385490753911804,0.40360501567398127,0.4313380281690141,0.41666666666666674,0.421366154512195,0.01217528701135639,153
3.0097639560699463,1.0009496432533542,1.985707700252533,0.46855039661373665,,"LinearSVC(C=0.04383749814818797, max_iter=65)",0.0021657999034654612,True,hinge,1305,l2,"RandomOverSampler(random_state=6538, sampling_strategy=0.1, shrinkage=0.0)",,6538,0.8124017451535049,StandardScaler(),1.0,0.4426106526631658,0.4051927616050355,0.44917257683215134,0.4353233830845771,0.43307484354623244,0.01682657939013669,143
1.728305459022522,0.3294785269267303,1.6986300349235535,0.1610533051793703,,"LinearSVC(C=0.04383749814818797, max_iter=65)",0.04055201021210707,True,squared_hinge,60,l2,"RandomOverSampler(random_state=6538, sampling_strategy=0.1, shrinkage=0.0)",,6538,0.5439988356181602,,2.0,0.4197838736492103,0.412912912912913,0.42500000000000004,0.3951747088186356,0.4132178738451897,0.011264764261847042,157
0.7907652258872986,0.05049342469342313,1.9114667773246765,0.0985771631544876,,"LinearSVC(C=0.04383749814818797, max_iter=65)",4931.200484798259,True,hinge,67,l2,"RandomOverSampler(random_state=6538, sampling_strategy=0.1, shrinkage=0.0)",,6538,0.1260786935315924,,1.0,0.2692664809656453,0.37779850746268656,0.2442528735632184,0.30632411067193677,0.29941049316587176,0.05035748048745147,193
2.8695684671401978,0.9608517877073416,1.732532262802124,0.3404946132877452,,"LinearSVC(C=0.04383749814818797, max_iter=65)",6.567201478182601e-05,True,squared_hinge,329,l2,"RandomOverSampler(random_state=6538, sampling_strategy=0.1, shrinkage=0.0)",,6538,0.7968141500465665,StandardScaler(),0.0001,0.45256744995648396,0.4197901049475262,0.4597701149425288,0.439469320066335,0.4428992474782185,0.015197838487048925,125
1.1525998711585999,0.18602140192899963,1.9251729249954224,0.21988683985036464,,"LinearSVC(C=0.04383749814818797, max_iter=65)",1.8690608069733284e-05,True,squared_hinge,70,l2,"RandomOverSampler(random_state=6538, sampling_strategy=0.1, shrinkage=0.0)",,6538,0.9830095932900582,,2.0,0.41009463722397477,0.3666666666666667,0.40702016430171767,0.36221060492905155,0.3864980182803527,0.022142266466056146,174
1.9781375527381897,0.10146453694567471,1.916345238685608,0.19624520978935198,,"LinearSVC(C=0.04383749814818797, max_iter=65)",10342.570994303107,True,squared_hinge,56,l2,"RandomOverSampler(random_state=6538, sampling_strategy=0.1, shrinkage=0.0)",,6538,0.6659833274552494,,0.0001,0.4503249767873723,0.3939828080229227,0.3853754940711462,0.40139616055846417,0.4077698598599763,0.025214839068155737,160
6.2450451254844666,0.4213210836311017,3.065817654132843,0.23936835329324757,,"LinearSVC(C=0.04383749814818797, max_iter=65)",303.7714554968743,True,squared_hinge,68,l2,"RandomOverSampler(random_state=6538, sampling_strategy=0.1, shrinkage=0.0)",,6538,0.49559468481068786,StandardScaler(),1.0,0.3696857670979667,0.3595505617977528,0.28990963855421686,0.28838951310861427,0.32688387013963766,0.037907863470795916,192
13.8105348944664,2.0470615386590256,2.1414026021957397,0.6731608776198753,,"LinearSVC(C=0.04383749814818797, max_iter=65)",0.0032239450533322824,True,hinge,5000,l2,"RandomOverSampler(random_state=6538, sampling_strategy=0.1, shrinkage=0.0)",,6538,0.7369463832553791,StandardScaler(),0.0001,0.45341098169717137,0.40789473684210525,0.4533450704225353,0.4397233201581027,0.4385935272799787,0.018579943129543083,138
3.8434913754463196,0.26653175038700716,3.4451379776000977,0.39344903442965257,,"LinearSVC(C=0.04383749814818797, max_iter=65)",0.002641761526353054,True,squared_hinge,50,l2,"RandomOverSampler(random_state=6538, sampling_strategy=0.1, shrinkage=0.0)",,6538,0.1,StandardScaler(),0.0,0.47894302229562336,0.40933098591549294,0.4837291116974494,0.4715127701375246,0.46087897251152254,0.030077862829138633,19
1.1994736790657043,0.06663477208797634,3.204483389854431,0.3147286149475196,,"LinearSVC(C=0.04383749814818797, max_iter=65)",6.0821178619338445,True,hinge,50,l2,"RandomOverSampler(random_state=6538, sampling_strategy=0.1, shrinkage=0.0)",,6538,0.6956051817412913,,0.0,0.45175438596491235,0.37537537537537535,0.4398148148148149,0.4409317803660566,0.4269690891302898,0.030150421444450102,150
2.7384957671165466,0.1662184052314199,2.8993184566497803,0.3054359709977442,,"LinearSVC(C=0.04383749814818797, max_iter=65)",0.001904249213092757,True,hinge,50,l2,"RandomOverSampler(random_state=6538, sampling_strategy=0.1, shrinkage=0.0)",,6538,0.1,StandardScaler(),0.001,0.4602675059008654,0.41241890639481,0.4496253122398002,0.44526901669758817,0.44189518530826594,0.017871281313620948,130
0.5974019169807434,0.26965541587576863,2.681261420249939,0.2569261246346616,,"LinearSVC(C=0.04383749814818797, max_iter=65)",0.04854790847715378,True,squared_hinge,50,l2,"RandomOverSampler(random_state=6538, sampling_strategy=0.1, shrinkage=0.0)",,6538,0.1,,0.0,0.4769736842105263,0.43951915852742296,0.4995617879053462,0.46305418719211816,0.4697772044588534,0.02179253907106,8
0.31779909133911133,0.05120145961756362,2.8190489411354065,0.21028317895542034,,"LinearSVC(C=0.04383749814818797, max_iter=65)",1e-05,True,hinge,50,l2,"RandomOverSampler(random_state=6538, sampling_strategy=0.1, shrinkage=0.0)",,6538,0.12014742316884239,,0.0,0.15876777251184837,0.17951425554382258,0.22175290390707492,0.21037181996086102,0.19260168798090171,0.024907758351172957,197
0.41838008165359497,0.1945837613337934,3.131164789199829,0.04197100464868782,,"LinearSVC(C=0.04383749814818797, max_iter=65)",0.017539480916928724,True,squared_hinge,50,l2,"RandomOverSampler(random_state=6538, sampling_strategy=0.1, shrinkage=0.0)",,6538,0.1,,0.0,0.47493403693931396,0.43898156277436357,0.4883720930232559,0.4532839962997224,0.46389292225916395,0.019067388101623055,15
193.01372838020325,2.5333771032903885,1.485591173171997,0.3837553319445996,,"LinearSVC(C=0.04383749814818797, max_iter=65)",11.910078226162476,True,hinge,5000,l2,"RandomOverSampler(random_state=6538, sampling_strategy=0.1, shrinkage=0.0)",,6538,0.11808773154159521,StandardScaler(),0.0,0.44577205882352944,0.39408866995073893,0.43823038397328884,0.4425942156003506,0.43017133208697694,0.021003675473828424,145
0.25580644607543945,0.03735744623670167,1.7936404347419739,0.15028666518403994,,"LinearSVC(C=0.04383749814818797, max_iter=65)",0.0005251612663055537,True,squared_hinge,64,l2,"RandomOverSampler(random_state=6538, sampling_strategy=0.1, shrinkage=0.0)",,6538,0.1,,0.0,0.4149377593360996,0.3952569169960474,0.42620363062352007,0.38971807628524047,0.4065290958102269,0.01472638223647562,162
7.114974498748779,0.8566791493454584,1.4962413907051086,0.20092028903012163,,"LinearSVC(C=0.04383749814818797, max_iter=65)",0.002976335316675614,True,squared_hinge,5000,l2,"RandomOverSampler(random_state=6538, sampling_strategy=0.1, shrinkage=0.0)",,6538,0.48956790621695184,StandardScaler(),0.0,0.4646840148698884,0.4173622704507513,0.4713656387665198,0.45256744995648396,0.4514948435109109,0.020826580213281657,58
2.307806134223938,0.05363663778964178,1.6929581761360168,0.10513058527553654,,"LinearSVC(C=0.04383749814818797, max_iter=65)",0.0022924426309623176,True,squared_hinge,50,l2,"RandomOverSampler(random_state=6538, sampling_strategy=0.1, shrinkage=0.0)",,6538,0.1,StandardScaler(),4.0,0.41544477028348,0.37728026533996695,0.40663900414937754,0.3957169459962756,0.398770246442275,0.01423990014514758,169
2.438558280467987,0.37199244695028666,1.9331212043762207,0.24328252595906535,,"LinearSVC(C=0.04383749814818797, max_iter=65)",100000.0,True,hinge,50,l2,"RandomOverSampler(random_state=6538, sampling_strategy=0.1, shrinkage=0.0)",,6538,0.11486637300320217,StandardScaler(),4.0,0.3696098562628337,0.2978883861236803,0.3495544893762851,0.29064039408866993,0.32692328146286725,0.033517862041528346,191
1.4976210594177246,0.2971956091878168,2.2481109499931335,0.230252186744811,,"LinearSVC(C=0.04383749814818797, max_iter=65)",2.8224274546803043,True,squared_hinge,50,l2,"RandomOverSampler(random_state=6538, sampling_strategy=0.1, shrinkage=0.0)",,6538,1.0,,0.0,0.41543026706231456,0.40854224698235847,0.4290718038528896,0.4064719810576164,0.4148790747387947,0.008839852697619367,154
2.735159158706665,0.2004502999047732,2.798909068107605,0.36577535564588187,,"LinearSVC(C=0.04383749814818797, max_iter=65)",0.05140861471162089,True,hinge,50,l2,"RandomOverSampler(random_state=6538, sampling_strategy=0.1, shrinkage=0.0)",,6538,0.1,StandardScaler(),0.0,0.4717853839037928,0.4059405940594059,0.4375,0.45790934320074006,0.4432838302909847,0.024770012975872696,124
3.3980958461761475,0.3786747935167356,2.3208171725273132,0.163649737380013,,"LinearSVC(C=0.04383749814818797, max_iter=65)",0.8838738355205973,True,hinge,50,l2,"RandomOverSampler(random_state=6538, sampling_strategy=0.1, shrinkage=0.0)",,6538,0.1,StandardScaler(),4.0,0.21657953696788648,0.28463648834019206,0.19533927347498284,0.1808176100628931,0.2193432272114886,0.03978461041737152,196
0.5726288557052612,0.020307672234192827,1.4657464027404785,0.1829880359794074,,"LinearSVC(C=0.04383749814818797, max_iter=65)",0.049625684668541364,True,squared_hinge,55,l2,"RandomOverSampler(random_state=6538, sampling_strategy=0.1, shrinkage=0.0)",,6538,0.15211792579743522,,0.0,0.4691164972634871,0.441696113074205,0.495179666958808,0.45722713864306785,0.465804853984892,0.01954901025142454,13
99.9386419057846,4.029338561179684,1.9279344081878662,0.6842548366931914,,"LinearSVC(C=0.04383749814818797, max_iter=65)",100000.0,True,hinge,1265,l2,"RandomOverSampler(random_state=6538, sampling_strategy=0.1, shrinkage=0.0)",,6538,1.0,StandardScaler(),0.0,0.3813257305773343,0.35683202785030466,0.2507163323782235,0.3471001757469244,0.3339935666381967,0.04967094221478439,187
8.148550868034363,3.0924029580517,1.6374517679214478,0.6141336231839303,,"LinearSVC(C=0.04383749814818797, max_iter=65)",0.0013397026107298553,True,squared_hinge,5000,l2,"RandomOverSampler(random_state=6538, sampling_strategy=0.1, shrinkage=0.0)",,6538,0.1,StandardScaler(),0.01,0.4710743801652893,0.417607223476298,0.48203330411919365,0.47783251231527096,0.4621368550190129,0.02600475815032673,16
12.593776285648346,0.8069504824335911,1.7099565267562866,0.36211644271968635,,"LinearSVC(C=0.04383749814818797, max_iter=65)",100000.0,True,squared_hinge,2224,l2,"RandomOverSampler(random_state=6538, sampling_strategy=0.1, shrinkage=0.0)",,6538,0.1,,4.0,0.27402402402402404,0.26709401709401714,0.2335858585858586,0.19407894736842105,0.2421957117680802,0.0317108800622009,194
0.24960577487945557,0.050653931563446226,1.5560261011123657,0.175770126801645,,"LinearSVC(C=0.04383749814818797, max_iter=65)",0.0030187484018276596,True,squared_hinge,50,l2,"RandomOverSampler(random_state=6538, sampling_strategy=0.1, shrinkage=0.0)",,6538,0.1,,0.01,0.4424040066777963,0.42774086378737547,0.4807692307692307,0.41782729805013924,0.44218534982113544,0.023930741435942666,128
0.264884352684021,0.040587243903839505,1.801226019859314,0.07499255636857483,,"LinearSVC(C=0.04383749814818797, max_iter=65)",0.02442512326633363,True,squared_hinge,65,l2,"RandomOverSampler(random_state=6538, sampling_strategy=0.1, shrinkage=0.0)",,6538,0.1,,0.0,0.4736842105263158,0.43853073463268366,0.491659350307287,0.45961002785515315,0.46587108083035994,0.019447205151560818,12
0.28104084730148315,0.041607811072686726,1.7036195993423462,0.09814856853842957,,"LinearSVC(C=0.04383749814818797, max_iter=65)",0.04509090492514529,True,squared_hinge,50,l2,"RandomOverSampler(random_state=6538, sampling_strategy=0.1, shrinkage=0.0)",,6538,0.1,,0.0,0.4781533388293487,0.4398496240601503,0.5004389815627743,0.4635108481262328,0.4704881981446265,0.02204092468730893,4
0.2713465690612793,0.06420383524611294,1.8390146493911743,0.2830468477893953,,"LinearSVC(C=0.04383749814818797, max_iter=65)",0.04383749814818797,True,squared_hinge,65,l2,"RandomOverSampler(random_state=6538, sampling_strategy=0.1, shrinkage=0.0)",,6538,0.1,,0.0,0.47894302229562336,0.43951915852742296,0.5013192612137204,0.46305418719211816,0.4707089073072212,0.022562078721334877,1
14.994660377502441,1.0280558055816362,1.4143312573432922,0.17401410475019977,,"LinearSVC(C=0.04383749814818797, max_iter=65)",370.69852383219893,True,hinge,5000,l2,"RandomOverSampler(random_state=6538, sampling_strategy=0.1, shrinkage=0.0)",,6538,0.1,,0.0,0.466728280961183,0.3846153846153845,0.43261231281198004,0.4235807860262008,0.42688419110368714,0.029231521350798515,151
0.3796045780181885,0.1051273551722611,1.7162706851959229,0.13271049532803703,,"LinearSVC(C=0.04383749814818797, max_iter=65)",0.046016636163102156,True,squared_hinge,5000,l2,"RandomOverSampler(random_state=6538, sampling_strategy=0.1, shrinkage=0.0)",,6538,0.1,,0.0,0.4781533388293487,0.4398496240601503,0.5,0.46305418719211816,0.4702642875204043,0.021928788312220997,5
0.30008453130722046,0.0705148382057432,1.7763715386390686,0.05566492017137285,,"LinearSVC(C=0.04383749814818797, max_iter=65)",0.04454335886914683,True,squared_hinge,3886,l2,"RandomOverSampler(random_state=6538, sampling_strategy=0.1, shrinkage=0.0)",,6538,0.1,,0.0,0.47894302229562336,0.43951915852742296,0.5004389815627743,0.46305418719211816,0.4704888373944847,0.022264767070443683,3
0.3010755181312561,0.0942903713877984,1.6561105847358704,0.12580312788619122,,"LinearSVC(C=0.04383749814818797, max_iter=65)",0.0008600531319683655,True,squared_hinge,5000,l2,"RandomOverSampler(random_state=6538, sampling_strategy=0.1, shrinkage=0.0)",,6538,0.1,,4.0,0.4116766467065868,0.3869565217391304,0.41147132169576056,0.3896672504378284,0.3999429351448266,0.01167069313305365,168
77.4810289144516,9.749454284590108,1.5300254821777344,0.3472160766237123,,"LinearSVC(C=0.04383749814818797, max_iter=65)",0.036398198914889074,True,squared_hinge,5000,l2,"RandomOverSampler(random_state=6538, sampling_strategy=0.1, shrinkage=0.0)",,6538,0.1,StandardScaler(),0.0,0.4748142031379025,0.4135649296939621,0.48013245033112584,0.458758109360519,0.45681742313087736,0.026182145803590597,29
0.34018474817276,0.03983721600879381,1.8139535188674927,0.10190491241859449,,"LinearSVC(C=0.04383749814818797, max_iter=65)",0.04380655304167972,True,squared_hinge,5000,l2,"RandomOverSampler(random_state=6538, sampling_strategy=0.1, shrinkage=0.0)",,6538,0.1,,0.0001,0.47894302229562336,0.43951915852742296,0.5013192612137204,0.46305418719211816,0.4707089073072212,0.022562078721334877,1
1.7627393007278442,0.1165086619858179,1.5583460927009583,0.061398899090343316,,"LinearSVC(C=0.04383749814818797, max_iter=65)",1e-05,True,squared_hinge,50,l2,"RandomOverSampler(random_state=6538, sampling_strategy=0.1, shrinkage=0.0)",,6538,1.0,StandardScaler(),1.0,0.41487839771101576,0.382595648912228,0.421792618629174,0.38241601143674053,0.4004206691722896,0.018080965029091994,167
17.966008484363556,4.1555224134812665,1.5640350580215454,0.2815346275971413,,"LinearSVC(C=0.04383749814818797, max_iter=65)",0.0073879684793011656,True,squared_hinge,5000,l2,"RandomOverSampler(random_state=6538, sampling_strategy=0.1, shrinkage=0.0)",,6538,0.1,StandardScaler(),0.001,0.47933884297520657,0.4146919431279621,0.4744224422442244,0.46339202965708987,0.45796131450112076,0.025640293564859598,26
55.62254989147186,3.397475828762664,1.5339257717132568,0.3327157441077391,,"LinearSVC(C=0.04383749814818797, max_iter=65)",100000.0,True,hinge,5000,l2,"RandomOverSampler(random_state=6538, sampling_strategy=0.1, shrinkage=0.0)",,6538,1.0,,0.0,0.4174852652259332,0.32476802284082795,0.40282392026578073,0.35412262156448204,0.374799957474256,0.03720928879959076,179
0.7135378122329712,0.20685799991514467,2.2711763978004456,0.23076822345829948,,"LinearSVC(C=0.04383749814818797, max_iter=65)",0.21770265803063263,True,squared_hinge,5000,l2,"RandomOverSampler(random_state=6538, sampling_strategy=0.1, shrinkage=0.0)",,6538,0.1,,0.001,0.47717842323651455,0.4271123491179202,0.47681539807524054,0.4659832246039143,0.46177234875839734,0.020510287138644025,17
0.7206822633743286,0.27508609452320665,3.4144071340560913,0.6437695898816039,,"LinearSVC(C=0.04383749814818797, max_iter=65)",0.07522577884580382,True,squared_hinge,291,l2,"RandomOverSampler(random_state=6538, sampling_strategy=0.1, shrinkage=0.0)",,6538,0.1,,0.0,0.48267326732673266,0.4305135951661631,0.49735915492957744,0.4590325765054294,0.46739464848197565,0.025305356062879657,11
7.336149573326111,1.4011013477125702,3.162352979183197,0.2528467639240623,,"LinearSVC(C=0.04383749814818797, max_iter=65)",100000.0,True,squared_hinge,806,l2,"RandomOverSampler(random_state=6538, sampling_strategy=0.1, shrinkage=0.0)",,6538,0.1,,0.0,0.4097646033129904,0.3277972027972028,0.2766798418972332,0.3886554621848739,0.35072427754807506,0.052279929327281024,185
0.594232976436615,0.05345892384113652,3.135098874568939,0.3670563249817944,,"LinearSVC(C=0.04383749814818797, max_iter=65)",0.04661284116006144,True,squared_hinge,5000,l2,"RandomOverSampler(random_state=6538, sampling_strategy=0.1, shrinkage=0.0)",,6538,0.1,,0.0,0.4777594728171335,0.43951915852742296,0.5004389815627743,0.46259842519685046,0.4700790095260453,0.022195613606076067,6
0.6208001971244812,0.201621180869683,3.406100809574127,0.11178417205097298,,"LinearSVC(C=0.04383749814818797, max_iter=65)",0.04697989661402227,True,squared_hinge,5000,l2,"RandomOverSampler(random_state=6538, sampling_strategy=0.1, shrinkage=0.0)",,6538,0.1,,0.0,0.4777594728171335,0.43951915852742296,0.5004389815627743,0.46259842519685046,0.4700790095260453,0.022195613606076067,6
0.6341214776039124,0.15327913949385544,3.74211722612381,0.2842488451324439,,"LinearSVC(C=0.04383749814818797, max_iter=65)",0.021962290362138353,True,squared_hinge,83,l2,"RandomOverSampler(random_state=6538, sampling_strategy=0.1, shrinkage=0.0)",,6538,0.1,,0.0,0.472027972027972,0.43853073463268366,0.4903677758318739,0.45918367346938777,0.4650275389904793,0.018890242661849875,14
0.46117937564849854,0.16768545976569998,2.5721904635429382,0.1697376297170525,,"LinearSVC(C=0.04383749814818797, max_iter=65)",0.028410631593075126,True,squared_hinge,50,l2,"RandomOverSampler(random_state=6538, sampling_strategy=0.1, shrinkage=0.0)",,6538,0.1,,0.0,0.4733455882352941,0.43787425149700593,0.49825174825174834,0.46089385474860334,0.467591360683163,0.021800995761105786,10
0.45462167263031006,0.17404022267756164,2.698603391647339,0.19237353139071883,,"LinearSVC(C=0.04383749814818797, max_iter=65)",0.028970028238084967,True,squared_hinge,50,l2,"RandomOverSampler(random_state=6538, sampling_strategy=0.1, shrinkage=0.0)",,6538,0.1,,0.0,0.47326906222611753,0.43820224719101125,0.49825174825174834,0.46089385474860334,0.4676542281043701,0.021684420842013347,9
